,GNFC,,,,,,,,,,,,,,,,,,,,,,,,,,,,,,C201,,
DAILY LOG AVERAGE 201,,,,,,,,,,,,,,,,,,,,,,,,,,,,,,,,,
,,,,,,,,,,,,,,,,,,SHIFT 2,,,,,,,,,,,,,,,
Sr No,Tag Name,Description,Engg Units,"Alarm
Value","Max
Value",Time,"Min
Value",Time,"Avg
Value","5am
-
6am","6am
-
7am","7am
-
8am","8am
-
9am","9am
-
10am","10am
-
11am","11am
-
12pm","12pm
-
1pm","1pm
-
2pm","2pm
-
3pm","3pm
-
4pm","4pm
-
5pm","5pm
-
6pm","6pm
-
7pm","7pm
-
8pm","8pm
-
9pm","9pm
-
10pm","10pm
-
11pm","11pm
-
12am","12am
-
1am","1am
-
2am","2am
-
3am","3am
-
4am","4am
-
5am"
1,FIC36612, Flow control from E36610 to C36611 ,,,55.89,16:50,54.88,13:34,55.34,55.35,55.37,55.32,55.31,55.40,55.39,55.30,55.27,55.18,55.41,55.37,55.38,55.30,55.34,55.31,55.29,55.36,55.31,55.36,55.36,55.36,55.36,55.38,55.34
2,TIC36611,Temp Control from E36610 to C36119,,,100.00,5:01,100.00,5:01,100.00,100,100,100,100,100,100,100,100,100,100,100,100,100,100,100,100,100,100,100,100,100,100,100,100
3,TIC36607, Temp of ODCB Pri Cooler E36609 ,,,24.67,11:29,22.21,6:34,23.38,22.52,22.27,22.62,23.25,23.78,24.31,24.61,24.47,24.30,24.07,23.98,23.97,23.87,23.78,23.55,23.39,23.20,23.08,23.00,22.87,22.69,22.60,22.49,22.40
4,TIC36607, Temp control of Pri CoolerE36609 ,,,100.00,5:01,100.00,5:01,100.00,100,100,100,100,100,100,100,100,100,100,100,100,100,100,100,100,100,100,100,100,100,100,100,100
5,TI36662, Temp WCR from Pri Cooler E36609,,,737.39,20:21,-212.18,5:01,70.94,-212.18,-212.18,-212.18,-212.18,-212.18,-212.18,-212.18,-212.18,-212.18,-212.18,-212.18,-212.18,-212.18,-212.18,-212.18,348.13,614.08,643.76,637.89,637.46,645.56,666.69,699.31,-7.50
6,TI36663, Temp RFR from Sec cooler E36610,,,-11.74,9:45,-12.42,21:28,-12.01,-12.14,-12.22,-12.15,-11.98,-11.89,-11.95,-11.84,-11.82,-11.88,-11.93,-12.04,-12.12,-12.16,-12.20,-12.30,-12.34,-12.32,-12.10,-11.91,-11.79,-11.77,-11.77,-11.82,-11.91
7,JI36644,Current of Recycle Phos Feed P36614,,,-0.19,9:02,-0.23,8:15,-0.21,-0.21,-0.21,-0.21,-0.21,-0.21,-0.21,-0.21,-0.21,-0.21,-0.21,-0.21,-0.21,-0.21,-0.21,-0.21,-0.21,-0.21,-0.21,-0.21,-0.21,-0.21,-0.21,-0.21,-0.21
8,TI36655, Temp of PHO Feed Pump P36614,,,30.56,17:46,24.07,8:14,27.44,25.50,24.73,24.24,24.11,24.52,25.43,26.50,27.55,28.45,29.18,29.82,30.30,30.53,30.44,30.15,29.76,29.26,28.67,28.07,27.39,26.80,26.27,25.77,25.11
9,PI36648, Discharge Pressure of P36614 ,,,1.94,17:32,1.62,4:58,1.81,1.80,1.75,1.73,1.71,1.71,1.74,1.77,1.81,1.85,1.89,1.92,1.93,1.94,1.93,1.91,1.90,1.88,1.85,1.81,1.77,1.73,1.70,1.68,1.64
10,JI36626,Current of Absorber Pump P36612,,,47.45,11:27,42.56,4:28,45.14,43.96,44.36,44.38,45.11,45.71,46.27,46.78,45.94,45.74,45.91,46.27,46.34,46.23,45.61,45.00,45.19,44.84,45.05,44.70,44.29,44.20,43.96,43.86,43.73
11,TI36654, Temp of Absorber Pump P36612,,,69.57,17:09,67.60,4:40,68.81,68.20,68.03,68.26,68.43,68.80,69.14,69.17,69.21,69.22,69.19,69.31,69.42,69.47,69.32,69.26,69.06,68.93,68.84,68.66,68.45,68.45,68.42,68.25,67.93
12,FI36623, Flow from E36613 to C36611,,,186.08,3:50,125.07,6:28,132.88,146.81,145.16,142.88,130.04,127.60,129.47,131.43,131.57,131.68,131.21,131.50,131.11,130.85,130.48,129.49,128.37,127.19,127.16,127.77,130.15,137.29,133.50,135.51,140.76
13,TI36622, Temp from E36613 to C36611 ,,,98.72,6:58,84.90,14:59,90.87,94.90,95.08,95.13,93.68,91.79,89.53,87.43,87.12,86.65,86.45,86.46,87.01,87.48,88.36,89.58,90.50,91.47,91.68,92.28,93.30,93.70,93.73,93.70,93.94
14,JI36624,Current of Intermediate  pump P36619,,,6.51,10:39,6.31,4:44,6.40,6.36,6.41,6.41,6.46,6.47,6.50,6.50,6.41,6.38,6.40,6.42,6.45,6.45,6.40,6.33,6.40,6.38,6.41,6.39,6.36,6.36,6.32,6.31,6.31
15,TI36653, Temp of Intermidiate Pump P36619,,,46.27,15:42,41.15,5:00,43.92,41.65,41.44,41.78,42.43,43.58,44.77,45.62,45.86,45.91,46.04,46.21,46.17,45.94,45.43,44.84,44.23,43.73,43.34,43.19,42.85,42.70,42.41,42.28,41.57
16,FI36651,Flow from E36618 to 5th Tray C36611,,,33.74,8:00,31.47,15:15,32.32,32.49,32.55,32.47,32.59,32.52,32.46,32.36,32.39,32.54,32.18,32.11,32.12,32.15,32.16,32.29,32.29,BAD,32.32,32.27,32.21,32.23,32.13,32.26,32.32
17,TIC36620, Temp of PHO from E36618 to C36611,,,16.51,10:45,15.51,12:51,16.00,15.99,16.00,16.11,16.18,16.17,16.41,16.09,15.65,15.65,15.91,15.97,15.98,15.98,15.97,15.97,16.00,15.98,15.99,16.00,15.99,15.99,15.99,16.00,15.99
18,TIC36630,Temp of PHO Absorber C36611 bottom,,,70.45,4:10,69.63,4:40,70.00,70.00,70.00,70.00,70.03,70.02,70.03,70.03,70.00,70.01,70.01,69.99,69.99,69.99,69.98,69.99,69.98,69.99,70.00,69.99,69.99,70.00,70.00,70.00,69.99
19,PIC36631,Pressure of PHO Absorber C36611 top,,,5.11,1:37,5.07,5:25,5.09,5.08,5.08,5.08,5.08,5.09,5.09,5.09,5.09,5.09,5.09,5.09,5.09,5.09,5.09,5.08,5.08,5.08,5.08,5.08,5.08,5.09,5.09,5.09,5.09
20,PIC36631, Pressure Control of C36611 top ,,,38.87,1:37,37.83,5:25,38.35,38.26,38.29,38.33,38.30,38.43,38.44,38.45,38.45,38.43,38.45,38.52,38.48,38.41,38.35,38.22,38.19,38.21,38.14,38.18,38.22,38.40,38.38,38.38,38.38
21,PI36642, Pressure of C36611 bottom ,,,5.46,15:04,5.36,8:29,5.41,5.40,5.39,5.38,5.38,5.39,5.40,5.41,5.41,5.42,5.44,5.44,5.44,5.45,5.43,5.41,5.41,5.41,5.40,5.40,5.40,5.41,5.41,5.40,5.40
22,FI36668,Flow of HCLG from C36611 to E36616,,,0.00,,0.00,,*,BAD,BAD,BAD,BAD,BAD,BAD,BAD,BAD,BAD,BAD,BAD,BAD,BAD,BAD,BAD,BAD,BAD,BAD,BAD,BAD,BAD,BAD,BAD,BAD
23,TI36670,Temp of HCLG from C36611 to E36616,,,6.83,13:07,5.84,6:33,6.33,6.02,5.92,5.96,6.11,6.32,6.49,6.67,6.76,6.78,6.75,6.66,6.55,6.43,6.30,6.17,6.10,6.07,6.18,6.26,6.31,6.33,6.31,6.22,6.18
24,PDI36634,Pressure Difference ratio,,,374.21,14:56,280.58,10:46,324.39,313.76,306.07,296.04,291.92,299.03,305.91,320.43,324.38,332.64,353.20,350.70,354.10,358.95,348.18,334.09,331.86,326.52,323.16,322.11,319.10,319.27,318.45,317.24,318.22
25,TI36629, Temp of 19th Tray C36611  ,,,11.88,14:52,9.87,7:32,10.97,10.24,10.02,9.94,10.15,10.55,10.99,11.45,11.73,11.80,11.84,11.85,11.80,11.67,11.43,11.14,10.98,10.81,10.79,10.83,10.80,10.79,10.73,10.60,10.41
26,FIC36612, Flow of ODCB from E36610 to C36611,,,32.98,1:23,32.63,22:56,32.80,32.79,32.80,32.80,32.81,32.80,32.80,32.79,32.80,32.81,32.80,32.79,32.81,32.80,32.80,32.81,32.80,32.80,32.80,32.81,32.79,32.80,32.80,32.80,32.80
27,TIC36611, Temp ODCB from E36610 to C36119 ,,,-9.48,12:02,-10.12,21:29,-9.77,-9.94,-10.03,-9.95,-9.77,-9.65,-9.63,-9.52,-9.52,-9.58,-9.65,-9.75,-9.82,-9.85,-9.89,-9.99,-10.03,-10.03,-9.84,-9.69,-9.61,-9.60,-9.62,-9.69,-9.74
28,LIC36641, Level control C36611  ,,,42.10,14:47,41.01,6:02,41.61,41.44,41.33,41.50,41.59,41.67,41.79,41.81,41.78,41.80,41.86,41.82,41.76,41.60,41.50,41.44,41.45,41.51,41.45,41.54,41.69,41.73,41.68,41.59,41.39
29,PI36628,Pr Rupt Disc C36611 Top PSE-36601,,,0.05,11:47,-0.04,19:15,-0.01,-0.03,-0.03,-0.03,-0.02,0.01,0.03,0.05,0.04,0.04,0.03,0.03,0.03,0.01,-0.03,-0.04,-0.03,-0.03,-0.03,-0.03,-0.03,-0.03,-0.03,-0.03,-0.03
30,TI36659,Temp WCHR from Intr cooler E36618,,,16.08,7:43,14.49,12:51,15.52,15.82,15.87,15.91,15.55,15.40,15.50,15.09,14.61,14.72,15.20,15.33,15.39,15.41,15.46,15.55,15.65,15.67,15.70,15.72,15.76,15.78,15.79,15.81,15.83
31,TIC36620,Temp Control from E36618 to C36611,,,83.60,11:36,39.04,6:40,47.69,39.72,39.27,40.21,49.26,55.41,68.25,82.44,75.86,57.75,48.59,46.30,45.46,44.62,43.78,42.23,41.71,41.26,40.94,40.88,40.56,40.29,40.20,39.84,39.68
32,TIC36630,Temp Control of C36611 bottom,,,55.33,7:21,46.93,13:59,50.77,52.44,52.46,52.55,51.89,51.28,50.33,49.11,49.11,48.85,48.71,48.69,48.89,49.23,49.72,50.33,50.98,51.24,51.34,51.51,51.85,51.89,51.95,51.98,52.05
33,TI36637, Temp of 7th Tray C36611  ,,,38.37,14:49,30.34,6:34,34.22,31.37,30.98,31.26,32.38,34.59,36.48,37.71,37.64,37.37,37.73,37.93,37.07,36.18,35.07,33.76,33.10,32.79,32.60,32.65,32.61,33.25,32.84,32.41,31.42
34,TI36638, Temp of 3rd Tray C36611  ,,,44.11,15:39,41.17,4:59,42.81,41.77,41.55,41.57,41.92,42.74,43.42,43.83,43.80,43.78,43.96,44.05,43.95,43.83,43.59,43.19,42.91,42.74,42.58,42.44,42.23,42.21,42.04,41.84,41.46
35,TI36632, Temp of PHO Absorber C36611 top,,,12.63,14:25,7.29,7:17,9.54,7.73,7.44,7.36,7.80,8.78,9.95,11.17,12.03,12.42,12.58,12.51,12.33,11.47,10.44,9.53,8.96,8.73,8.61,8.48,8.35,8.24,8.16,8.01,7.80
36,TI36633, Temp of 33rd Tray C36611  ,,,8.84,12:12,7.97,7:15,8.44,8.15,8.04,8.05,8.20,8.39,8.51,8.71,8.79,8.80,8.78,8.71,8.65,8.59,8.48,8.34,8.29,8.25,8.34,8.43,8.46,8.48,8.44,8.38,8.29
37,TI36635, Temp of 26th Tray C36611  ,,,9.89,14:43,8.87,7:12,9.50,9.11,8.96,8.91,9.03,9.22,9.39,9.61,9.76,9.83,9.86,9.85,9.81,9.71,9.68,9.61,9.56,9.48,9.51,9.56,9.55,9.56,9.53,9.43,9.40
38,TIC36674, Temp of E36616 O/L to S36617 ,,,-10.81,11:03,-12.42,7:48,-11.53,-11.99,-12.06,-12.22,-11.76,-11.58,-10.91,-11.00,-11.34,-11.00,-11.31,-11.22,-11.44,-11.64,-11.55,-11.75,-11.89,-11.83,-11.60,-11.53,-11.34,-11.26,-11.36,-11.49,-11.54
39,TIC36674, Temp Control E36616 O/L to S36617 ,,,38.00,5:01,38.00,5:01,38.00,38,38,38,38,38,38,38,38,38,38,38,38,38,38,38,38,38,38,38,38,38,38,38,38
40,LIC36685A, Level of TDI Catch Tank T36622 ,,,8.52,22:34,8.40,14:24,8.45,8.47,8.46,8.47,8.48,8.48,8.43,8.43,8.42,8.42,8.41,8.41,8.41,8.42,8.41,8.43,8.47,8.49,8.51,8.50,8.48,8.48,8.47,8.47,8.46
41,FI36688, Flow of P36624 to S36101 ,,,1.76,9:48,0.00,5:01,0.45,0.72,0.73,0.79,0.70,0.37,0.42,0.30,0.22,0.37,0.22,0.18,0.25,0.26,0.28,0.31,0.46,0.58,0.59,0.41,0.37,0.61,0.55,0.55,0.66
42,TI37537, Temp of Puri. Reboiler Pump P37502,,,129.08,14:29,126.86,6:41,128.01,127.25,127.04,127.05,127.33,127.64,128.24,128.62,128.61,128.81,128.93,128.92,128.83,128.61,128.29,128.19,128.14,128.11,128.14,127.87,127.73,127.67,127.64,127.40,127.25
43,TI36683, Temp of TDI Catch Tank T36622,,,26.68,19:18,24.37,9:58,25.51,25.37,25.02,24.71,24.48,24.40,24.46,24.60,24.87,25.20,25.53,25.86,26.17,26.43,26.60,26.63,26.57,26.44,26.25,26.04,25.80,25.54,25.30,25.04,24.82
44,TIC36686, Temp of WC from E36623 O/L,,,31.88,15:29,18.56,6:44,25.46,19.57,18.76,19.69,21.75,24.50,27.54,29.88,30.97,31.29,31.58,31.81,31.59,30.56,28.83,27.36,26.11,25.05,24.10,23.32,22.36,21.90,21.57,21.07,19.80
45,TIC36686, Temp Control of WC from E36623 O/L,,,0.00,5:01,0.00,5:01,*,0,0,0,0,0,0,0,0,0,0,0,0,0,0,0,0,0,0,0,0,0,0,0,0
46,JI37102,Current of Pri Reboiler Pump P37102,,,30.67,15:51,29.41,5:09,30.05,29.84,30.32,29.84,30.27,30.02,30.28,30.10,30.13,30.03,30.07,30.21,30.20,30.27,30.08,29.99,30.02,30.04,29.99,29.95,29.91,29.96,29.89,29.94,29.88
47,JI37187,Current of Pri Reflux Pump P37107,,,32.90,10:16,31.59,3:12,32.14,31.96,32.12,32.12,32.44,32.28,32.47,32.37,32.17,32.09,32.08,32.25,32.20,32.28,32.14,32.00,32.14,32.07,32.12,32.09,32.04,32.07,31.98,31.92,31.85
48,JI37155,Current of Vent Conden Pump P37111,,,4.96,10:18,4.76,20:02,4.88,4.86,4.92,4.94,4.95,4.95,4.95,4.95,4.86,4.86,4.86,4.88,4.90,4.91,4.86,4.84,4.85,4.86,4.85,4.85,4.85,4.85,4.85,4.85,4.85
49,JI37182,Current of Recovered ODCB Pump P37113,,,-0.44,14:05,-0.47,19:56,-0.46,-0.46,-0.46,-0.46,-0.46,-0.46,-0.45,-0.46,-0.45,-0.46,-0.45,-0.46,-0.45,-0.46,-0.46,-0.46,-0.46,-0.46,-0.46,-0.46,-0.46,-0.46,-0.46,-0.46,-0.46
50,TI37141, Temp of C37101 bottem O/L,,,154.75,7:46,147.98,8:36,151.19,151.94,149.99,152.50,149.44,152.72,150.01,152.14,150.74,151.47,151.25,151.00,151.58,150.90,151.38,151.16,151.12,151.14,151.25,151.03,151.32,150.87,151.28,150.85,151.50
51,FIC37134,Flow SMP to Primary Reboiler E37103,,,12013.13,8:17,11634.11,7:35,11799.75,11788.40,11825.68,11739.51,11864.46,11770.07,11811.26,11803.24,11785.96,11818.30,11779.85,11823.58,11779.12,11802.56,11806.20,11790.03,11814.67,11791.38,11795.01,11803.07,11799.23,11804.80,11794.96,11809.12,11793.60
52,FIC37134, Flow Control SMP to E37103,,,50.87,7:49,44.21,8:46,46.85,47.81,45.68,48.18,45.70,48.34,45.64,47.86,46.17,47.13,46.64,46.62,46.88,46.45,46.98,46.66,46.79,46.83,47.03,46.82,47.09,46.49,47.06,46.47,47.21
53,LI37123,Level Ctrl of Primary ODCB Column C37101,,,97.58,6:34,49.83,7:39,74.31,64.06,91.51,60.06,82.42,65.36,82.37,72.02,80.52,78.74,80.33,84.09,76.65,78.61,76.74,76.53,75.64,74.87,70.04,69.37,65.83,69.31,67.31,72.38,68.64
54,FIC37142, Flow of bottom draw to C37101,,,13.59,15:34,11.62,15:25,12.24,12.57,12.68,12.20,11.86,11.90,11.91,12.01,11.97,11.88,11.86,12.42,12.21,12.14,12.17,12.30,12.19,12.64,13.12,12.99,12.62,12.13,11.92,11.91,12.07
55,PI37122, Pressure of  C37101 bottom,,,242.30,6:14,217.80,7:16,225.88,228.37,238.86,223.44,225.23,225.87,225.21,225.65,225.29,225.68,224.69,225.67,225.97,224.79,225.88,224.74,224.65,225.50,225.09,225.03,224.66,225.12,224.49,225.49,225.73
56,FI37104,Flow ODBC from C37101 to T37112,,,72.65,7:00,52.80,7:59,63.96,62.59,64.59,65.22,64.24,62.46,65.74,61.37,65.03,61.49,64.26,62.19,63.88,64.41,63.07,64.99,63.52,64.84,64.63,64.52,64.13,64.67,64.31,64.84,64.01
57,TIC37125,Temp of Primary Clmn C37101 bottom,,,154.61,7:46,147.91,8:33,151.01,151.81,149.84,152.42,149.26,152.57,149.79,151.90,150.52,151.20,151.03,150.71,151.37,150.67,151.16,150.96,150.89,150.95,151.13,150.90,151.21,150.75,151.18,150.71,151.37
58,TIC37125, Temp Control of C37101 bottom,,,20.33,8:05,4.00,7:03,11.72,12.06,10.34,9.44,12.43,12.19,10.84,13.80,10.97,13.94,11.41,13.67,11.50,11.80,12.55,11.03,12.50,11.06,11.15,11.42,11.69,11.28,11.53,11.06,11.52
59,FI37133, Flow of Reflux to C37101,,,81.19,8:24,74.29,9:12,78.02,77.04,77.13,77.06,79.38,76.92,78.71,77.74,78.16,78.16,78.01,78.71,77.46,78.55,78.13,78.13,78.55,77.97,78.06,78.22,78.07,78.17,78.18,78.18,77.85
60,PDIC37113, Diff Pressure Control of C37101,,,31.06,8:22,25.03,5:41,28.28,27.30,26.72,27.64,29.57,27.84,28.66,28.46,28.25,28.70,28.06,28.81,27.97,28.58,28.38,28.39,28.70,28.24,28.28,28.42,28.33,28.41,28.39,28.37,28.18
61,TI37114, Temp of C37101 top,,,122.46,6:15,118.37,7:17,119.70,120.19,121.94,119.43,119.35,119.89,119.51,119.69,119.60,119.59,119.53,119.61,119.77,119.44,119.66,119.48,119.45,119.71,119.60,119.57,119.50,119.55,119.46,119.64,119.66
62,TI37131, Temp of C37101 bottom,,,174.27,7:48,167.80,8:36,170.89,171.72,169.76,172.12,169.32,172.35,169.71,171.79,170.34,171.11,170.79,170.65,171.15,170.55,171.04,170.80,170.84,170.84,171.02,170.85,171.11,170.67,171.05,170.62,171.24
63,PI37132, Pressure of SMP to E37103,,,14.46,7:48,12.64,8:40,13.51,13.74,13.17,13.85,13.11,13.89,13.18,13.74,13.34,13.57,13.47,13.44,13.57,13.41,13.55,13.49,13.51,13.48,13.55,13.50,13.59,13.47,13.56,13.45,13.61
64,TI37121,Temp betn bed 2 and 3  C37101,,,144.03,7:46,138.33,8:39,141.06,141.41,141.41,141.58,139.72,142.41,140.21,142.19,140.91,141.63,141.23,141.18,141.57,140.63,141.22,141.22,141.01,140.79,140.98,140.74,140.94,140.27,140.78,140.35,141.06
65,TI37124, Temp of Bed 3 C37101,,,148.67,7:44,141.60,8:35,144.94,145.41,144.88,145.90,143.11,146.50,143.98,146.13,144.91,145.47,145.25,144.91,145.60,144.49,145.12,145.10,144.78,144.59,144.88,144.59,144.88,144.14,144.70,144.25,145.05
66,PI37117,Pressure betn bed 3 and 4 C37101,,,132.15,6:14,121.17,4:25,126.37,127.16,130.84,126.15,127.60,128.38,128.37,129.03,128.81,128.65,127.82,128.08,127.86,127.01,126.85,125.94,125.13,124.82,124.35,124.40,124.01,123.77,122.93,123.03,121.85
67,TI37116,Temp betn bed 1and 2  C37101,,,124.65,6:15,120.76,7:19,122.12,122.52,124.18,121.73,121.83,122.20,121.96,122.10,122.01,122.04,121.97,122.10,122.19,121.93,122.12,121.96,121.93,122.12,122.01,121.99,121.92,121.98,121.89,122.10,122.10
68,TI37118, Temp of bed 2 C37101,,,130.26,6:17,127.27,8:38,128.19,128.51,130.04,128.15,127.83,128.54,127.98,128.34,128.11,128.19,128.12,128.11,128.27,127.94,128.13,128.03,127.96,128.13,128.16,128.09,128.04,127.93,127.90,128.01,128.08
69,PI37108, Pr of Top of C37101 PSE37101,,,-0.03,12:40,-0.08,5:00,-0.05,-0.08,-0.08,-0.07,-0.06,-0.05,-0.04,-0.03,-0.03,-0.03,-0.03,-0.03,-0.03,-0.04,-0.05,-0.05,-0.06,-0.06,-0.06,-0.06,-0.06,-0.06,-0.07,-0.07,-0.08
70,PI37109,Pr between bed 1 and 2 in C37101,,,214.06,6:14,187.53,7:16,196.35,199.48,210.26,193.97,194.41,197.08,196.02,197.08,196.48,196.56,195.66,196.00,196.78,194.88,195.69,195.08,194.55,195.97,195.35,195.22,194.63,195.12,194.63,195.78,195.67
71,JI37182B,Current of recovered ODCB Pump P37113B,,,32.30,8:51,27.18,8:01,29.67,29.10,29.67,30.14,30.04,29.79,30.61,29.53,30.04,28.96,29.82,29.44,29.98,30.06,29.48,29.66,29.50,29.71,29.78,29.69,29.54,29.67,29.43,29.42,29.14
72,PI37111, Pressure of Overhead  C37111,,,197.22,6:14,169.43,7:16,179.24,182.15,193.14,176.42,176.42,179.70,178.11,179.18,178.84,178.89,178.76,179.41,180.44,178.31,179.46,178.25,177.80,179.13,178.49,178.33,177.75,177.99,177.37,178.67,178.72
73,TI37167, Temp of Primary Reflux Pump P37107,,,77.28,12:08,73.92,7:52,75.89,74.85,74.76,75.08,75.92,75.09,76.46,75.95,76.60,76.22,76.71,76.60,75.96,76.95,76.18,76.14,76.30,75.97,75.93,75.94,75.89,75.78,75.67,75.38,75.04
74,LIC37172,Level Control of Reflux Tank T37106,,,65.90,8:23,63.08,7:42,64.46,64.06,63.95,64.18,65.11,64.00,64.89,64.39,64.54,64.44,64.50,64.84,64.39,64.75,64.50,64.49,64.59,64.41,64.40,64.51,64.48,64.50,64.45,64.46,64.25
75,TI37170, Temp of WH from E37104 ,,,84.15,8:22,81.23,7:43,82.59,82.24,82.91,82.17,83.25,82.33,82.84,82.54,82.53,82.51,82.74,82.72,82.16,82.97,82.47,82.30,82.75,82.59,82.46,82.54,82.66,82.79,82.71,82.69,82.39
76,TIC37169, Temp of Primary Vent E37105 Bottom,,,31.86,15:29,19.16,6:44,25.93,20.32,19.32,19.94,21.64,24.32,27.40,29.80,30.97,31.37,31.58,31.80,31.69,30.91,29.31,28.17,26.85,25.46,24.68,24.30,23.77,23.28,22.69,22.02,20.67
77,TI37191, Temp of WCHR from E37105,,,32.14,12:04,16.65,1:35,23.55,21.30,19.37,23.50,24.70,24.14,28.81,28.32,29.07,27.01,25.92,23.49,22.55,26.07,23.70,25.80,25.22,23.06,25.64,21.67,20.34,17.88,18.75,19.21,19.69
78,TIC37171, Temp of Primary Condenser E37104,,,80.40,8:25,75.99,7:48,78.11,77.35,77.82,77.66,78.97,77.55,78.44,78.03,78.08,78.04,78.27,78.20,77.45,78.79,77.96,78.03,78.54,78.12,78.20,78.36,78.43,78.34,78.28,78.05,77.71
79,TIC37171, Temp Control For E37104 Bottom,,,50.00,5:01,50.00,5:01,50.00,50,50,50,50,50,50,50,50,50,50,50,50,50,50,50,50,50,50,50,50,50,50,50,50
80,TI37162, Temp of Vent Condensate P37111,,,24.17,12:23,19.06,6:35,21.91,20.35,19.22,20.78,20.65,20.84,22.47,22.46,23.82,22.98,23.22,22.53,22.46,23.23,22.48,22.89,22.76,21.84,22.46,23.17,22.87,21.58,20.80,20.18,19.71
81,FI37150, Flow From T37110 to C36201,,,0.92,6:06,0.36,8:47,0.50,0.50,0.51,0.49,0.49,0.50,0.52,0.52,0.51,0.50,0.51,0.51,0.52,0.51,0.52,0.51,0.50,0.50,0.50,0.49,0.49,0.50,0.50,0.50,0.50
82,FIC37163, Flow From P37107 to C36201,,,4.58,13:01,4.13,8:23,4.40,4.47,4.47,4.42,4.27,4.43,4.33,4.41,4.43,4.45,4.41,4.37,4.42,4.39,4.42,4.42,4.40,4.41,4.40,4.37,4.37,4.38,4.38,4.38,4.41
83,FIC37163, Flow Control for P37107 to C36201,,,102.06,10:06,96.93,13:09,100.35,100.11,99.47,99.74,100.70,99.25,100.81,99.99,99.97,98.93,100.29,100.70,100.51,100.72,100.36,100.35,100.54,100.51,100.64,100.87,100.86,100.79,100.82,100.80,100.54
84,LIC37160,Level of Vent Condensate T37110,,,27.58,8:23,26.45,7:36,27.00,26.94,27.10,26.85,27.10,27.10,26.84,27.11,26.89,27.07,26.98,27.03,27.03,26.88,27.09,26.95,27.03,27.04,27.00,26.99,26.94,26.98,27.00,27.03,26.99
85,LIC37160, Level Control of T37110,,,11.07,7:10,8.19,7:59,9.42,9.18,9.24,9.74,9.81,9.45,9.50,9.73,9.12,9.39,9.29,9.38,9.30,9.50,9.36,9.62,9.51,9.28,9.77,9.77,9.52,9.23,9.43,9.03,9.03
86,PI37156, Pr of Pho Vent Absbr C37109 Top,,,180.10,5:42,148.71,7:11,161.22,166.99,174.49,161.34,159.10,162.24,160.89,160.23,162.04,160.33,161.60,160.87,162.20,160.31,161.27,159.75,159.68,160.72,158.78,158.53,159.39,159.80,159.28,159.61,159.92
87,TI37152, Temp of Pho Vent Absbr C37109,,,24.50,16:24,14.45,7:08,19.66,16.29,15.50,14.97,15.63,16.94,18.79,20.72,22.33,23.12,23.85,24.22,24.28,23.58,22.80,21.52,20.84,20.11,19.08,18.52,18.13,18.22,17.94,17.69,16.82
88,FIC37151, Level Control of T37506,,,1.25,20:09,1.16,9:18,1.20,1.20,1.20,1.20,1.20,1.20,1.20,1.20,1.20,1.20,1.20,1.20,1.20,1.20,1.20,1.20,1.20,1.20,1.20,1.20,1.20,1.20,1.20,1.20,1.20
89,FIC37151, Flow Control ODCB to C37109,,,67.51,12:01,63.73,7:03,65.86,64.53,64.34,64.41,64.95,65.55,66.31,66.85,66.94,66.70,66.56,66.55,66.59,66.57,66.47,67.04,66.75,65.85,65.73,65.73,65.71,65.48,65.44,65.24,64.44
90,PI37153, Pressure From E37105 to C37109,,,185.71,5:42,154.52,7:11,166.18,172.63,180.20,166.96,164.49,167.24,165.45,164.57,166.31,164.58,165.76,165.01,166.37,164.68,165.91,164.56,164.69,165.86,164.07,163.83,164.72,165.11,164.68,165.06,165.59
91,TI37154, Temp of C37109 Bottom O/L,,,14.36,11:54,6.21,5:47,10.50,8.00,7.75,9.50,10.13,9.63,11.09,12.27,11.63,11.76,10.87,10.51,10.18,11.85,10.40,11.93,11.34,10.19,12.72,12.83,11.76,9.45,9.62,8.28,8.42
92,PIC37181, Dis Pr of  Recovered ODCB P37113,,,6.73,8:01,5.71,8:53,6.16,6.22,6.15,6.08,6.17,6.21,6.07,6.30,6.13,6.33,6.13,6.25,6.14,6.15,6.21,6.13,6.21,6.13,6.14,6.14,6.14,6.13,6.13,6.12,6.16
93,PIC37181, Dis Pr Control Recover ODCB P37113,,,-5.00,5:01,-5.00,5:01,-5.00,-5,-5,-5,-5,-5,-5,-5,-5,-5,-5,-5,-5,-5,-5,-5,-5,-5,-5,-5,-5,-5,-5,-5,-5
94,TI37188,Temp of Recover ODCB Pump P37113,,,*,*,*,*,*,*,*,*,*,*,*,*,*,*,*,*,*,*,*,*,*,*,*,*,*,*,*,*,*
95,LIC37176, Level of ODCB Surge Tank T37112 ,,,60.72,8:37,54.03,7:46,57.98,57.18,59.01,56.72,59.53,56.69,59.04,57.24,58.35,57.86,58.02,58.23,57.74,58.23,57.84,58.04,58.07,58.03,57.88,58.06,57.81,58.21,57.84,58.22,57.66
96,LIC37176,Level Control of Surge Tank T37112 ,,,57.23,8:54,45.79,8:01,52.00,50.98,51.84,52.76,52.05,51.33,53.24,50.85,52.89,50.88,52.63,51.42,52.39,52.59,51.74,52.74,51.73,52.31,52.22,52.09,51.89,52.11,51.93,52.00,51.47
97,FI37177, Flow of Reflux to C37101,,,68.80,8:54,48.40,8:01,60.22,58.51,59.97,61.38,59.99,58.83,62.15,57.95,61.88,58.24,61.05,58.93,60.60,61.08,59.68,61.52,59.82,60.88,60.77,60.57,60.15,60.65,60.29,60.67,59.71
98,TIC37175, Temp of ODCB frm E37114 to T35305,,,36.69,10:52,32.38,8:03,35.10,33.95,34.08,34.31,34.19,35.00,35.89,35.77,36.24,35.71,36.26,35.91,36.19,36.17,35.79,35.79,35.24,35.23,35.08,34.80,34.43,34.32,34.22,34.14,33.81
99,TIC37175, Temp Cntrl of ODCB frm E37114 toT35305,,,100.00,5:01,100.00,5:01,100.00,100,100,100,100,100,100,100,100,100,100,100,100,100,100,100,100,100,100,100,100,100,100,100,100
100,TI37195, Temp of WCR from E37114,,,37.88,10:53,33.53,8:03,36.28,35.09,35.24,35.40,35.33,36.17,37.10,36.99,37.45,36.94,37.48,37.16,37.42,37.39,37.02,36.99,36.42,36.40,36.24,35.96,35.56,35.45,35.34,35.27,34.92
101,LIC37247, Level of SIeam Seperator S37204.01,,,99.70,12:26,99.63,7:12,99.67,99.66,99.65,99.66,99.65,99.66,99.67,99.67,99.67,99.68,99.68,99.68,99.68,99.68,99.67,99.67,99.67,99.67,99.66,99.66,99.66,99.66,99.66,99.66,99.66
102,LIC37247,Level Control ofSIeam SepS37204.01,,,99.70,12:26,99.63,7:12,99.67,99.66,99.65,99.66,99.65,99.66,99.67,99.67,99.67,99.68,99.68,99.68,99.68,99.68,99.67,99.67,99.67,99.67,99.66,99.66,99.66,99.66,99.66,99.66,99.66
103,PI37246,Pressure of SIeam Sep. S37204.01 Top,,,0.05,9:01,-0.03,19:43,0.02,0.02,0.02,0.02,0.02,0.03,0.02,0.02,0.01,0.02,0.01,0.02,0.01,0.01,0.01,0.01,0.01,0.01,0.01,0.01,0.01,0.01,0.01,0.01,0.01
104,TIC37242, Temp From E37204 to T37206,,,108.43,20:16,107.51,7:42,108.00,108.07,108.06,107.87,107.97,108.10,108.00,108.11,107.98,108.01,108.00,108.07,107.93,108.06,108.05,107.98,108.03,107.95,108.00,108.02,107.98,107.98,107.97,107.96,107.96
105,TIC37242, Temp Control From E37204 to T37206,,,63.96,20:18,60.70,8:48,62.36,61.51,61.94,61.48,61.09,61.44,61.85,62.22,62.55,62.32,62.41,62.44,62.56,62.80,62.75,63.19,63.34,62.97,62.90,62.88,62.90,62.57,62.64,62.02,61.86
106,PI37619B, Pressure of top of bed C37611,,,-199.42,10:59,-269.13,4:32,-242.54,-246.03,-244.93,-241.02,-225.31,-215.38,-212.00,-220.45,-231.74,-237.09,-239.51,-244.87,-247.47,-247.96,-245.48,-245.48,-244.24,-243.66,-244.28,-247.41,-251.12,-255.31,-259.90,-263.94,-266.40
107,JI37901A,Current of Pri Vacuum Pump B37901A,,,22.80,6:34,21.27,19:56,21.63,21.90,22.41,21.66,21.80,21.82,21.80,21.81,21.54,21.44,21.48,21.57,21.71,21.67,21.54,21.45,21.51,21.52,21.66,21.57,21.55,21.52,21.44,21.36,21.36
108,JI37901B,Current of Pri Vacuum Pump B37901B,,,-0.35,12:13,-0.37,1:32,-0.36,-0.36,-0.36,-0.36,-0.36,-0.36,-0.36,-0.36,-0.36,-0.36,-0.36,-0.36,-0.36,-0.36,-0.36,-0.36,-0.36,-0.36,-0.36,-0.36,-0.36,-0.36,-0.36,-0.36,-0.36
109,JI37902A,Current of Tar Conc Vacuum B37902A,,,-0.77,8:41,-0.83,5:20,-0.80,-0.80,-0.81,-0.80,-0.80,-0.80,-0.80,-0.80,-0.80,-0.80,-0.80,-0.81,-0.80,-0.81,-0.80,-0.81,-0.80,-0.80,-0.81,-0.81,-0.81,-0.81,-0.81,-0.81,-0.80
110,JI37902B,Current of Tar Conc Vacuum B37902B,,,-0.93,12:57,-0.97,22:32,-0.94,-0.94,-0.94,-0.95,-0.94,-0.94,-0.94,-0.94,-0.94,-0.94,-0.94,-0.94,-0.94,-0.94,-0.95,-0.94,-0.95,-0.95,-0.95,-0.95,-0.95,-0.95,-0.95,-0.95,-0.95
111,JI37903A,Current of Sec Vacuum Pump B37903A,,,41.10,20:00,40.28,16:51,40.61,40.67,40.65,40.67,40.69,40.51,40.49,40.51,40.62,40.72,40.44,40.42,40.38,40.50,40.51,40.70,40.69,40.70,40.68,40.65,40.67,40.69,40.70,40.70,40.70
112,JI37903B,Current of Sec Vacuum Pump B37903B,,,0.00,,0.00,,*,BAD,BAD,BAD,BAD,BAD,BAD,BAD,BAD,BAD,BAD,BAD,BAD,BAD,BAD,BAD,BAD,BAD,BAD,BAD,BAD,BAD,BAD,BAD,BAD
113,JI37904A,Current of Purification Vacuum B37904A,,,92.80,13:03,89.05,18:06,92.09,92.11,92.10,92.03,92.21,92.21,91.99,92.14,92.11,92.30,91.79,91.91,91.93,92.13,91.87,92.08,92.04,92.06,92.12,92.04,92.03,92.20,92.22,92.19,92.35
114,JI37904B,Current of Purification Vacuum B37904B,,,-0.17,5:34,-0.19,6:45,-0.18,-0.18,-0.18,-0.18,-0.18,-0.18,-0.18,-0.18,-0.18,-0.18,-0.18,-0.18,-0.18,-0.18,-0.18,-0.18,-0.18,-0.18,-0.18,-0.18,-0.18,-0.18,-0.18,-0.18,-0.18
115,LIC37902, Level of Primary Sep S37901.03A,,,57.08,16:53,55.02,5:00,56.19,56.42,56.31,56.21,56.22,55.91,56.21,56.16,56.23,56.29,56.23,56.23,56.04,56.17,56.12,56.22,56.19,56.16,56.25,56.32,56.32,56.05,55.91,56.16,56.25
116,LIC37902,Level Control Pri. Sep S37901.03A,,,81.85,6:53,76.87,0:40,78.74,79.43,79.20,78.92,78.91,78.50,78.62,78.69,78.87,78.97,78.94,79.08,78.72,78.70,78.76,78.61,78.68,78.46,78.39,78.59,78.50,78.40,78.58,78.56,78.71
117,FIC37909, Flow of ODCB to B37901A,,,19.05,16:03,0.00,5:01,1.51,0.65,1.06,3.18,2.57,1.44,1.84,1.19,1.24,4.78,2.47,1.78,3.42,1.59,0.83,0.56,0.64,0.28,0.06,0.09,0.44,1.31,1.28,1.62,1.83
118,FIC37909, Flow Control of ODCB to B37901A,,,70.00,5:01,70.00,5:01,70.00,70,70,70,70,70,70,70,70,70,70,70,70,70,70,70,70,70,70,70,70,70,70,70,70
119,FI37910,Flow frm E37901.02A to B37901A,,,0.32,12:46,0.31,6:28,0.31,0.31,0.31,0.31,0.31,0.31,0.31,0.31,0.32,0.32,0.32,0.32,0.32,0.32,0.31,0.31,0.31,0.31,0.31,0.31,0.31,0.31,0.31,0.31,0.31
120,TI37907,Temp of Primary Sep. S37901.03A,,,66.18,13:30,59.74,5:00,63.21,60.39,60.74,60.71,61.21,62.40,63.83,65.03,65.86,66.07,65.73,65.87,65.91,65.76,65.25,64.89,64.02,62.96,62.42,62.41,61.90,61.41,60.92,60.98,60.31
121,TI37908,Temp of Pri Vac Pump B37901A,,,57.19,16:15,49.76,5:00,53.67,50.30,50.24,50.28,50.89,52.29,54.02,55.50,56.49,56.90,56.91,57.10,57.12,56.82,56.17,55.63,54.71,53.80,53.09,52.76,52.28,51.85,51.38,51.19,50.36
122,TIC37906,Temp of Primary Cooler E37901.02A,,,47.04,12:51,41.15,5:39,44.21,41.40,41.58,41.75,42.36,43.55,44.99,46.06,46.80,46.81,46.70,46.73,46.69,46.30,45.77,45.30,44.58,43.76,43.28,43.52,43.22,42.96,42.48,42.60,41.80
123,TIC37906,Temp Control of E37901.02A,,,100.00,5:01,100.00,5:01,100.00,100,100,100,100,100,100,100,100,100,100,100,100,100,100,100,100,100,100,100,100,100,100,100,100
124,TI37915,Temp of Pri Vac Pump B37901B,,,30.22,17:21,21.91,8:01,26.27,23.47,22.37,21.98,22.11,22.96,24.41,26.07,27.45,28.44,29.17,29.70,30.08,30.15,29.87,29.46,28.80,27.87,27.00,26.35,25.77,25.19,24.63,24.06,23.20
125,LIC37912, Level of Primary Sep S37901.03B,,,50.06,20:19,48.05,13:06,48.52,48.07,48.07,48.07,48.06,48.06,48.05,48.05,48.05,48.05,48.52,50.05,50.05,50.05,50.05,50.05,48.79,48.06,48.06,48.06,48.06,48.06,48.06,48.06,48.07
126,LIC37912, Level Control Pri Sep. S37901.03B,,,0.00,5:01,0.00,5:01,*,0,0,0,0,0,0,0,0,0,0,0,0,0,0,0,0,0,0,0,0,0,0,0,0
127,FI37920,Flow frm E37901.02B to B37901B,,,0.01,16:02,0.00,7:05,0.00,0.00,0.00,0.00,0.00,0.00,0.00,0.00,0.00,0.00,0.01,0.01,0.01,0.01,0.00,0.00,0.00,0.00,0.00,0.00,0.00,0.00,0.00,0.00,0.00
128,PIC37904,Pressure of Pri Vac Pump B37901A,,,167.50,6:35,99.32,6:51,138.12,136.09,159.56,121.04,126.19,135.22,137.77,151.45,148.52,152.38,147.12,151.64,152.49,148.66,145.14,143.73,135.42,133.23,137.03,135.88,130.03,123.70,122.08,121.08,119.48
129,PIC37904,Pressure Control of B37901A,,,167.50,6:35,99.32,6:51,138.12,136.09,159.56,121.04,126.19,135.22,137.77,151.45,148.52,152.38,147.12,151.64,152.49,148.66,145.14,143.73,135.42,133.23,137.03,135.88,130.03,123.70,122.08,121.08,119.48
130,PIC37914,Pressure of Pri Vac Pump B37901B,,,946.74,6:25,934.48,4:28,938.11,939.87,944.22,937.33,938.33,939.59,939.85,940.20,939.10,938.52,937.56,937.30,937.44,937.45,937.87,938.26,938.05,938.08,938.37,937.88,937.12,936.26,935.78,935.25,934.93
131,PIC37914,Pressure Control of B37901B,,,0.00,5:01,0.00,5:01,*,0,0,0,0,0,0,0,0,0,0,0,0,0,0,0,0,0,0,0,0,0,0,0,0
132,TIC37916,Temp of Primary Cooler E37901.02B,,,30.82,16:33,20.79,6:47,26.19,22.08,20.96,21.09,21.96,23.63,25.96,28.07,29.41,30.04,30.40,30.67,30.80,30.53,29.80,29.05,28.01,26.78,25.81,25.28,24.79,24.28,23.79,23.26,22.20
133,TIC37916,Temperature Control E37901.02B ,,,100.00,5:01,100.00,5:01,100.00,100,100,100,100,100,100,100,100,100,100,100,100,100,100,100,100,100,100,100,100,100,100,100,100
134,TI37917,Temp of Primary Sep. S37901.03B,,,35.21,17:41,28.24,9:45,32.35,32.05,30.71,30.00,29.57,28.42,28.62,29.68,31.29,32.62,33.63,34.37,34.91,35.17,35.01,34.72,34.13,33.43,32.66,31.96,32.16,32.99,32.50,32.45,33.42
135,FIC37919, Flow of ODCB to B37901B,,,0.01,6:12,0.01,16:31,0.01,0.01,0.01,0.01,0.01,0.01,0.01,0.01,0.01,0.01,0.01,0.01,0.01,0.01,0.01,0.01,0.01,0.01,0.01,0.01,0.01,0.01,0.01,0.01,0.01
136,FIC37919, Flow control of ODCB to B37901B,,,0.00,5:01,0.00,5:01,*,0,0,0,0,0,0,0,0,0,0,0,0,0,0,0,0,0,0,0,0,0,0,0,0
137,TI37981,Temp of WCR from E37901.02A,,,35.57,12:49,30.17,4:59,32.85,30.50,30.40,30.83,31.46,32.53,33.88,34.91,35.40,35.35,35.31,35.23,35.03,34.43,33.88,33.43,32.91,32.39,32.11,32.05,31.74,31.57,31.26,31.28,30.56
138,TI37991,Temp of WCR from E37901.02B,,,28.60,16:05,24.31,7:19,26.40,24.72,24.40,24.34,24.59,25.39,26.29,27.11,27.70,28.07,28.38,28.53,28.55,28.33,27.97,27.60,27.12,26.65,26.22,25.95,25.71,25.38,25.08,24.88,24.56
139,PIC37112,Pressue of C37101 Top,,,99.54,6:20,35.12,6:51,49.14,49.93,85.76,44.79,45.92,47.59,46.57,50.18,47.16,48.95,46.19,47.79,48.22,48.06,48.51,49.16,47.61,47.88,50.21,49.78,47.62,45.49,45.41,45.25,45.41
140,LIC37922,Level of Tar Conc Sep. S37902.03A,,,54.33,6:21,54.31,15:24,54.32,54.32,54.32,54.32,54.32,54.32,54.31,54.31,54.31,54.31,54.31,54.31,54.31,54.31,54.31,54.31,54.31,54.31,54.32,54.32,54.32,54.32,54.32,54.32,54.32
141,LIC37922,Level control of S37902.03A ,,,0.00,5:01,0.00,5:01,*,0,0,0,0,0,0,0,0,0,0,0,0,0,0,0,0,0,0,0,0,0,0,0,0
142,TI37927,Tempof Tar Conc. Sep S37902.03A,,,30.21,17:59,23.88,8:36,27.61,26.23,25.38,24.48,23.95,24.08,24.74,25.84,26.96,27.90,28.69,29.35,29.88,30.16,30.17,30.13,30.01,29.76,29.37,28.90,28.34,27.82,27.36,26.88,26.23
143,TI37928,Temp of Tar Conc Vac Pump B37902A,,,30.64,17:27,24.25,9:09,28.00,26.58,25.83,25.04,24.41,24.33,25.14,26.47,27.70,28.69,29.43,30.01,30.45,30.63,30.53,30.39,30.20,29.86,29.44,29.05,28.58,28.07,27.58,27.11,26.54
144,TI37937,Temp  E37902.02B inlet ,,,30.59,17:53,23.86,8:26,27.60,25.70,24.80,24.16,23.91,24.32,25.03,26.01,27.15,28.13,28.99,29.70,30.27,30.55,30.52,30.40,30.15,29.54,28.89,28.42,28.08,27.69,27.22,26.66,26.02
145,TI37982,Temp  WCR from E37902.02A,,,31.35,17:21,23.44,8:50,27.81,25.68,24.77,23.97,23.49,23.66,24.68,26.23,27.84,29.14,30.05,30.70,31.16,31.32,31.11,30.81,30.46,29.90,29.27,28.68,28.06,27.47,26.95,26.40,25.73
146,TIC37936,Temp  Control E37902.02B ,,,22.94,12:04,17.24,6:42,20.06,17.81,17.33,17.42,18.08,19.59,21.06,22.33,22.82,22.74,22.49,22.24,21.93,21.41,20.71,20.32,20.22,20.04,19.85,19.45,19.35,19.14,18.92,18.39,17.88
147,TIC37936,Temperature Control E37902.02B ,,,2.00,5:01,2.00,5:01,2.00,2,2,2,2,2,2,2,2,2,2,2,2,2,2,2,2,2,2,2,2,2,2,2,2
148,FI37930,Flow frm E37902.02A to B37902B,,,0.01,15:18,0.00,7:25,0.00,0.00,0.00,0.00,0.00,0.00,0.00,0.00,0.00,0.01,0.01,0.01,0.01,0.01,0.00,0.01,0.00,0.00,0.00,0.00,0.00,0.00,0.00,0.00,0.00
149,LIC37932,Level  Purification Sep S37904.03A,,,0.00,,0.00,,*,BAD,BAD,BAD,BAD,BAD,BAD,BAD,BAD,BAD,BAD,BAD,BAD,BAD,BAD,BAD,BAD,BAD,BAD,BAD,BAD,BAD,BAD,BAD,BAD
150,LIC37932, Level Control of S37902.03B,,,0.00,5:01,0.00,5:01,*,0,0,0,0,0,0,0,0,0,0,0,0,0,0,0,0,0,0,0,0,0,0,0,0
151,FI37940,Flow frm E37902.02B to B37902B,,,0.29,8:50,0.00,3:16,0.08,0.19,0.21,0.22,0.23,0.19,0.13,0.01,0.00,0.01,0.01,0.01,0.01,0.00,0.00,0.00,0.00,0.01,0.01,0.03,0.02,0.07,0.10,0.16,0.19
152,PIC37934,Pressure Control B37902B ,,,987.98,10:20,983.37,16:03,985.04,985.42,985.70,986.06,986.76,987.36,987.39,986.66,985.73,984.77,984.09,983.64,983.60,983.72,984.30,984.71,985.04,985.32,985.36,985.03,984.73,984.39,984.00,983.68,983.57
153,PIC37934,Pressure Control B37902B ,,,0.00,5:01,0.00,5:01,*,0,0,0,0,0,0,0,0,0,0,0,0,0,0,0,0,0,0,0,0,0,0,0,0
154,TI37935,Temp of Tar Conc Vac Pump B37902B,,,30.44,17:56,24.13,8:58,27.69,26.08,25.34,24.73,24.24,24.25,24.86,25.91,27.07,28.13,28.97,29.64,30.16,30.40,30.38,30.29,30.05,29.57,29.07,28.72,28.35,27.89,27.36,26.86,26.21
155,TI37983,Temperature of WCR from E37902.02B,,,14.73,12:07,10.38,7:12,12.12,10.70,10.48,10.44,10.96,12.30,13.31,14.29,14.63,14.09,13.61,13.26,13.03,12.76,12.41,12.07,11.88,11.77,11.63,11.61,11.51,11.34,11.22,10.91,10.69
156,PIC37924,Pressure Control B37902A ,,,1001.56,10:20,996.83,4:03,998.53,998.90,999.17,999.55,1000.26,1000.87,1000.91,1000.18,999.23,998.27,997.58,997.12,997.09,997.19,997.79,998.20,998.54,998.83,998.85,998.52,998.22,997.86,997.48,997.14,997.03
157,PIC37924,Pressure Control B37902A ,,,100.00,5:01,100.00,5:01,100.00,100,100,100,100,100,100,100,100,100,100,100,100,100,100,100,100,100,100,100,100,100,100,100,100
158,TIC37926,Temp of Tar Conc Cooler E37902.02A,,,31.40,16:17,22.02,7:48,27.24,23.38,22.60,22.10,22.51,24.18,26.61,28.41,29.64,30.40,30.90,31.23,31.32,30.82,30.09,29.79,29.30,28.40,27.72,27.15,26.48,25.99,25.61,25.06,24.01
159,TIC37926,Temperature Control of E37902.02A,,,2.00,5:01,2.00,5:01,2.00,2,2,2,2,2,2,2,2,2,2,2,2,2,2,2,2,2,2,2,2,2,2,2,2
160,FIC37929, Flow of ODCB to B37902A,,,0.00,5:01,0.00,5:01,*,0,0,0,0,0,0,0,0,0,0,0,0,0,0,0,0,0,0,0,0,0,0,0,0
161,FIC37929, Flow control of ODCB to B37902A,,,0.00,5:01,0.00,5:01,*,0,0,0,0,0,0,0,0,0,0,0,0,0,0,0,0,0,0,0,0,0,0,0,0
162,FIC37939, Flow of ODCB to B37902B,,,0.00,5:01,0.00,5:01,*,0,0,0,0,0,0,0,0,0,0,0,0,0,0,0,0,0,0,0,0,0,0,0,0
163,FIC37939, Flow control of ODCB to B37902B,,,0.00,5:01,0.00,5:01,*,0,0,0,0,0,0,0,0,0,0,0,0,0,0,0,0,0,0,0,0,0,0,0,0
164,TI37948,Temp of Secondary Vac Pump B37903A,,,55.83,13:15,50.65,7:15,53.59,51.22,50.81,50.92,52.17,53.45,54.68,55.55,55.52,55.72,55.56,55.55,55.40,55.10,54.75,54.48,54.07,53.49,53.13,53.07,52.92,52.75,52.40,51.97,51.42
165,FI37950,Flow frm E37903.02A to B37903B,,,2.25,5:01,2.25,5:01,2.25,2.25,2.25,2.25,2.25,2.25,2.25,2.25,2.25,2.25,2.25,2.25,2.25,2.25,2.25,2.25,2.25,2.25,2.25,2.25,2.25,2.25,2.25,2.25,2.25
166,LIC37942,Level of Secondary Sep. S39703.03A,,,56.65,5:40,54.36,15:29,55.02,55.02,55.34,55.06,55.16,54.98,54.96,54.86,55.23,54.89,54.93,54.89,54.71,55.12,54.93,55.12,54.98,55.13,55.20,55.23,55.05,54.94,54.83,54.83,55.02
167,LIC37942,Level Control of Sec Sep.S39703.03A,,,96.90,12:31,91.80,22:12,93.83,93.25,93.58,93.89,94.03,94.21,94.33,94.64,95.10,94.53,94.69,94.37,94.10,94.31,94.09,94.24,93.30,92.86,92.75,93.19,93.01,93.31,93.30,93.62,93.18
168,FI37960,Flow frm E37903.02B to B37903B,,,1.60,5:01,1.60,5:01,1.60,1.60,1.60,1.60,1.60,1.60,1.60,1.60,1.60,1.60,1.60,1.60,1.60,1.60,1.60,1.60,1.60,1.60,1.60,1.60,1.60,1.60,1.60,1.60,1.60
169,LI37952,Level of Secondary Sep. S39703.03B,,,0.00,,0.00,,*,BAD,BAD,BAD,BAD,BAD,BAD,BAD,BAD,BAD,BAD,BAD,BAD,BAD,BAD,BAD,BAD,BAD,BAD,BAD,BAD,BAD,BAD,BAD,BAD
170,TI37955,Temp of Secondary Vac Pump B37903B,,,31.76,15:55,21.91,7:17,26.88,23.31,22.42,22.01,22.45,23.49,25.17,27.03,28.58,29.50,30.15,31.27,31.36,30.92,30.41,29.96,29.18,28.03,27.23,26.80,26.37,25.87,25.19,24.60,23.72
171,FIC37949,Flow of ODCB to Sec Vac PumpB37903A,,,0.33,10:35,0.30,2:27,0.32,0.33,0.33,0.33,0.32,0.32,0.33,0.33,0.33,0.32,0.32,0.32,0.32,0.32,0.32,0.32,0.31,0.31,0.31,0.30,0.30,0.30,0.31,0.33,0.33
172,FIC37949,Flow Control of ODCB to B37903A,,,85.00,5:01,85.00,5:01,85.00,85,85,85,85,85,85,85,85,85,85,85,85,85,85,85,85,85,85,85,85,85,85,85,85
173,TI37947,Temp of Secondary Sep S37903.03A,,,54.54,11:40,50.53,7:21,52.84,51.09,50.86,50.77,52.00,53.13,53.90,54.49,54.30,54.34,54.09,54.04,53.97,53.82,53.79,53.70,53.25,52.43,52.21,52.42,52.33,52.25,51.95,51.73,51.40
174,TI37985,Temperature WCR from E37903.02A,,,17.94,11:37,12.50,6:44,14.99,13.03,12.69,12.95,14.49,15.41,16.80,17.75,17.56,17.35,16.94,16.56,16.33,15.79,15.27,14.71,14.65,14.50,14.38,14.19,14.05,13.99,13.84,13.43,13.14
175,TIC37946,Temp of Secondary Cooler E37903.02A,,,33.08,11:39,28.33,7:15,31.03,28.91,28.59,28.61,29.86,31.16,32.26,32.97,32.90,32.85,32.73,32.69,32.61,32.36,32.14,31.96,31.37,30.53,30.39,30.53,30.41,30.25,29.87,29.63,29.15
176,TIC37946,Temp Cntrl of  E37903.02A,,,100.00,5:01,100.00,5:01,100.00,100,100,100,100,100,100,100,100,100,100,100,100,100,100,100,100,100,100,100,100,100,100,100,100
177,PIC37944, Pressure of B37903A Suction,,,987.90,14:37,928.66,6:34,955.69,932.39,929.04,931.36,937.72,948.67,961.08,970.27,973.24,975.06,982.75,980.75,976.77,972.26,967.90,964.86,959.44,954.28,951.84,950.66,949.02,947.10,943.97,941.10,934.94
178,PIC37944, Pressure Control B37903A Suction,,,0.00,5:01,0.00,5:01,*,0,0,0,0,0,0,0,0,0,0,0,0,0,0,0,0,0,0,0,0,0,0,0,0
179,PIC37954, Pressure of B37903B Suction,,,983.53,16:49,980.52,7:10,981.88,981.29,981.18,981.10,981.07,981.27,981.61,981.90,982.09,982.37,982.69,982.70,982.84,982.56,982.39,982.24,982.16,981.96,981.78,981.79,981.81,981.75,981.64,981.56,981.50
180,PIC37954, Pressure Control B37903B Suction,,,0.00,5:01,0.00,5:01,*,0,0,0,0,0,0,0,0,0,0,0,0,0,0,0,0,0,0,0,0,0,0,0,0
181,FIC37959,Flow of ODCB to Sec Vac PumpB37903B,,,0.02,15:57,0.01,7:03,0.02,0.01,0.01,0.01,0.01,0.01,0.02,0.02,0.02,0.02,0.02,0.02,0.02,0.02,0.02,0.02,0.02,0.02,0.02,0.02,0.02,0.02,0.02,0.01,0.01
182,FIC37959,Flow control of ODCB to B37903B,,,0.00,5:01,0.00,5:01,*,0,0,0,0,0,0,0,0,0,0,0,0,0,0,0,0,0,0,0,0,0,0,0,0
183,TI37957,Temp of Secondary Sep S37903.03B,,,30.38,17:40,23.03,8:21,26.90,24.69,23.74,23.15,23.08,23.36,24.13,25.41,26.81,27.97,28.86,29.55,30.08,30.34,30.26,30.02,29.60,28.88,28.08,27.51,27.06,26.61,26.11,25.52,24.88
184,TIC37956,Temp of Secondary Cooler E37903.02B,,,0.00,5:01,0.00,5:01,*,0,0,0,0,0,0,0,0,0,0,0,0,0,0,0,0,0,0,0,0,0,0,0,0
185,TIC37956,Temp Control Sec. Cooler E37903.02A,,,0.00,5:01,0.00,5:01,*,0,0,0,0,0,0,0,0,0,0,0,0,0,0,0,0,0,0,0,0,0,0,0,0
186,TI37980,Temperature WCR from E37903.02B,,,32.21,15:46,20.66,7:01,26.64,21.90,20.85,20.91,21.91,23.73,26.25,28.66,30.12,30.77,31.22,32.02,31.97,31.32,30.42,29.52,28.33,26.81,25.94,25.70,25.49,25.02,24.32,23.58,22.54
187,TI37986,Temp  WCR from E37904.02B,,,30.92,17:29,21.81,7:09,26.52,23.17,22.05,21.89,22.27,23.25,24.89,26.66,28.12,29.13,29.82,30.34,30.71,30.84,30.48,29.86,28.95,27.74,26.86,26.34,25.93,25.34,24.71,24.08,23.16
188,TI37984,Temp  WCR from E37904.02A,,,31.78,17:26,22.67,7:34,27.32,24.27,23.18,22.70,22.87,23.62,25.14,26.99,28.67,29.85,30.65,31.18,31.57,31.73,31.43,30.77,29.82,28.70,28.01,27.28,26.64,26.06,25.58,24.90,24.04
189,LI37962,Level  Purification Sep S37904.03A,,,100.14,22:35,53.79,14:51,60.77,56.06,59.51,56.99,61.63,61.44,61.78,56.49,61.74,60.39,57.02,59.34,62.99,58.37,62.61,58.55,61.96,62.95,69.54,67.97,58.78,60.14,60.87,57.88,63.38
190,FI37970,Flow frm E37904.02A to B37904B,,,0.00,5:01,0.00,5:01,0.00,0.00,0.00,0.00,0.00,0.00,0.00,0.00,0.00,0.00,0.00,0.00,0.00,0.00,0.00,0.00,0.00,0.00,0.00,0.00,0.00,0.00,0.00,0.00,0.00
191,PIC37964,Pressure of  B37904A Suction,,,18.35,3:43,17.06,7:37,17.82,17.48,17.34,17.29,17.51,17.56,17.73,17.83,17.92,18.01,18.06,18.05,17.99,18.13,18.03,18.00,17.91,17.77,17.80,17.92,18.00,17.96,17.79,17.86,17.82
192,PIC37964,Pressure Control B37904A Suction,,,0.00,5:01,0.00,5:01,*,0,0,0,0,0,0,0,0,0,0,0,0,0,0,0,0,0,0,0,0,0,0,0,0
193,TI37968,Temp of Puri vac Pump B37904A,,,35.43,13:05,34.07,7:11,34.69,34.29,34.21,34.25,34.53,34.70,34.84,35.09,35.16,35.23,35.03,35.01,34.86,34.85,34.74,34.65,34.55,34.41,34.58,34.66,34.67,34.69,34.60,34.52,34.40
194,FI37980,Flow frm E37904.02B to B37904B,,,4.00,5:01,4.00,5:01,4.00,4,4,4,4,4,4,4,4,4,4,4,4,4,4,4,4,4,4,4,4,4,4,4,4
195,LI37972,Level  Purification Sep S37904.03B,,,13.19,22:25,11.30,10:56,12.11,12.82,11.31,11.31,11.31,11.31,11.31,11.31,11.31,11.31,11.87,13.19,13.19,13.19,13.19,13.19,13.19,13.19,13.19,13.19,11.65,11.31,11.31,11.31,11.31
196,TI37975,Temp of Puri vac Pump B37904B,,,30.10,18:16,23.62,8:44,26.97,25.10,24.23,23.86,23.66,23.86,24.62,25.69,26.83,27.87,28.64,29.23,29.70,30.03,30.04,29.80,29.38,28.68,28.03,27.59,27.23,26.71,26.13,25.58,24.87
197,FIC37969,Flow of ODCB to B37904A,,,0.00,5:01,0.00,5:01,*,0,0,0,0,0,0,0,0,0,0,0,0,0,0,0,0,0,0,0,0,0,0,0,0
198,FIC37969,Flow control of ODCB to B37904A,,,0.00,5:01,0.00,5:01,*,0,0,0,0,0,0,0,0,0,0,0,0,0,0,0,0,0,0,0,0,0,0,0,0
199,TI37967,Temp of Puri. Sep. S37904.03A,,,21.68,13:57,20.19,7:13,20.93,20.42,20.32,20.33,20.63,20.88,21.11,21.38,21.50,21.56,21.46,21.38,21.26,21.15,21.03,20.89,20.81,20.67,20.81,20.87,20.90,20.91,20.81,20.70,20.55
200,TIC37966,Temp of Puri. Cooler E37904.02A,,,30.60,17:22,20.16,6:41,25.50,21.37,20.28,20.52,21.35,22.92,24.90,26.80,28.50,29.42,29.78,30.01,30.22,30.33,29.66,28.54,27.09,25.73,24.90,24.49,24.20,23.65,23.13,22.63,21.61
201,TIC37966,Temp Control Puri Cooler E37904.02A,,,0.00,5:01,0.00,5:01,*,0,0,0,0,0,0,0,0,0,0,0,0,0,0,0,0,0,0,0,0,0,0,0,0
202,FIC37979,Flow of ODCB to B37904B,,,0.01,7:42,0.00,9:13,0.00,0.00,0.01,0.01,0.01,0.00,0.00,0.00,0,0,0,0,0,0,0.00,0,0.00,0.00,0.00,0.00,0.00,0.00,0.00,0.00,0.00
203,FIC37979,Flow Control of ODCB to B37904B,,,0.00,5:01,0.00,5:01,*,0,0,0,0,0,0,0,0,0,0,0,0,0,0,0,0,0,0,0,0,0,0,0,0
204,PIC37974,Pressure of B37904B Suction,,,129.53,17:19,116.65,5:02,126.64,117.00,118.42,120.48,122.41,124.23,125.58,126.69,127.59,128.16,128.60,129.03,129.35,129.46,129.27,129.08,128.78,128.44,128.32,128.34,128.21,127.99,127.82,128.02,128.17
205,PIC37974, Pressure control B37904B Suction,,,0.00,5:01,0.00,5:01,*,0,0,0,0,0,0,0,0,0,0,0,0,0,0,0,0,0,0,0,0,0,0,0,0
206,TIC37976,Temp Control Puri Cooler E37904.02B,,,27.27,5:01,27.27,5:01,27.27,27.27,27.27,27.27,27.27,27.27,27.27,27.27,27.27,27.27,27.27,27.27,27.27,27.27,27.27,27.27,27.27,27.27,27.27,27.27,27.27,27.27,27.27,27.27,27.27
207,TI37977,Temp of Puri. Sep S37904.03B,,,29.51,18:38,22.94,8:50,26.38,24.89,23.88,23.25,22.98,23.10,23.59,24.51,25.62,26.66,27.54,28.28,28.88,29.30,29.48,29.43,29.18,28.57,27.86,27.30,26.86,26.36,25.81,25.23,24.57
208,TIC37976,Temp of Puri. Cooler E37904.02B,,,*,*,*,*,*,*,*,*,*,*,*,*,*,*,*,*,*,*,*,*,*,*,*,*,*,*,*,*,*
209,JI39526A,Current of TDI Effluent Pump P39526,,,-0.24,7:52,-0.26,5:37,-0.25,-0.25,-0.24,-0.25,-0.24,-0.24,-0.24,-0.24,-0.24,-0.24,-0.24,-0.24,-0.25,-0.24,-0.25,-0.25,-0.25,-0.25,-0.25,-0.25,-0.25,-0.25,-0.25,-0.25,-0.25
210,FI71212,Flow of SHP to TDI Plant,,,14826.69,5:01,14826.69,5:01,14826.69,14826.69,14826.69,14826.69,14826.69,14826.69,14826.69,14826.69,14826.69,14826.69,14826.69,14826.69,14826.69,14826.69,14826.69,14826.69,14826.69,14826.69,14826.69,14826.69,14826.69,14826.69,14826.69,14826.69,14826.69
211,PI71210,Pressure of SHP to TDI Plant,,,34.74,0:16,33.52,23:34,34.13,34.05,34.06,34.07,34.05,34.08,34.06,34.10,34.11,34.12,34.14,34.16,34.16,34.15,34.20,34.16,34.17,34.16,34.14,34.16,34.13,34.15,34.16,34.14,34.15
212,TI71211,Temp SHP on Line 712004,,,265.00,5:01,265.00,5:01,265.00,265,265,265,265,265,265,265,265,265,265,265,265,265,265,265,265,265,265,265,265,265,265,265,265
213,FI71311,SMP Flow to BDG340 from X71302 PRDS,,,43043.74,8:13,41094.52,4:19,42105.55,42330.12,42308.11,42147.25,42389.17,42197.70,42205.67,42270.69,42240.66,42265.80,42189.73,42206.30,42109.82,42026.19,41992.29,41840.40,41899.99,42195.99,42284.56,42228.57,41999.34,42008.41,41759.66,41772.52,41664.25
214,PI71309,SMP Press to BDG340 from X71302PRDS,,,17.29,1:21,16.92,20:26,17.10,17.10,17.10,17.10,17.11,17.10,17.09,17.11,17.10,17.11,17.10,17.10,17.10,17.10,17.11,17.11,17.10,17.08,17.10,17.11,17.11,17.12,17.10,17.10,17.11
215,TI71310,SMP Temp to BDG340 from X71302 PRDS,,,206.45,10:39,205.85,3:39,206.11,206.15,206.18,206.16,206.20,206.22,206.31,206.20,206.17,206.13,206.11,206.09,206.11,206.10,206.08,206.04,206.06,206.05,206.07,206.04,206.02,206.03,206.02,206.01,206.01
216,FI71423,SLP flow to BDG340 TDI Plant,,,2529.86,7:21,1850.85,14:59,2136.42,2304.56,2305.51,2301.50,2234.17,2177.81,2097.87,2008.04,1993.77,1986.24,1978.96,1971.52,1970.98,1987.20,2016.76,2065.36,2128.20,2160.93,2186.20,2195.52,2228.00,2235.75,2240.81,2235.40,2263.10
217,PI71421,SLP Press to BDG340 TDI Plant,,,4.20,1:42,4.06,8:19,4.14,4.14,4.14,4.14,4.14,4.14,4.15,4.15,4.15,4.15,4.15,4.15,4.15,4.15,4.14,4.14,4.14,4.14,4.14,4.14,4.14,4.14,4.14,4.14,4.14
218,FI71420,SLP flow to BDG350 Phosgene Plant,,,175.30,3:51,40.76,12:33,90.55,92.55,99.54,94.53,85.57,96.93,89.58,94.21,75.37,85.52,89.54,96.32,94.74,94.98,93.87,96.29,88.00,93.59,95.56,88.68,89.60,89.94,81.90,88.32,78.12
219,PI71418,SLP Press to BDG350 Phosgene Plant,,,0.02,14:24,-0.04,6:45,-0.01,-0.03,-0.04,-0.03,-0.03,-0.02,-0.01,0.00,0.01,0.02,0.02,0.02,0.02,0.01,0.01,0.00,-0.01,-0.01,-0.01,-0.02,-0.02,-0.02,-0.02,-0.02,-0.03
220,TI71419,SLP Temp to BDG350 Phosgene Plant,,,149.79,5:01,149.79,5:01,149.79,149.79,149.79,149.79,149.79,149.79,149.79,149.79,149.79,149.79,149.79,149.79,149.79,149.79,149.79,149.79,149.79,149.79,149.79,149.79,149.79,149.79,149.79,149.79,149.79
221,AI72454,CWR cond. analyzer to CT frm BDG340,,,0.11,10:29,0.08,19:34,0.09,0.08,0.08,0.09,0.09,0.10,0.11,0.10,0.09,0.09,0.09,0.09,0.08,0.08,0.08,0.08,0.08,0.08,0.08,0.08,0.08,0.08,0.09,0.09,0.08
222,FI72429,CWS flow to BDG350 Phosgene plant,,,1118.36,5:01,0.00,9:06,1041.55,1118.36,1118.36,1118.36,1102.39,43.50,0,0,0,0,0,0,826.54,1118.36,1118.36,1118.36,1118.36,1118.36,1118.36,1118.36,1118.36,1118.36,1118.36,1118.36,1118.36
223,PI72427,CWS Press to BDG350 Phosgene plant,,,5.07,4:58,4.85,16:51,4.96,4.97,4.99,4.98,4.97,4.94,4.91,4.92,4.91,4.93,4.90,4.90,4.89,4.91,4.91,4.92,4.95,4.96,4.98,5.00,5.03,5.04,5.04,5.04,5.05
224,TI72428,CWS Temp to BDG350 Phosgene plant,,,27.84,15:19,24.39,5:00,26.16,24.78,24.61,24.64,25.22,26.21,26.89,27.40,27.50,27.68,27.80,27.80,27.66,27.39,26.95,26.59,26.27,26.05,25.88,25.63,25.26,25.10,25.00,24.86,24.56
225,FI74110,NHPFlow to BDG340 TDI Plant,,,89.00,20:56,69.41,11:01,79.12,79.10,78.96,78.80,78.72,78.72,78.49,78.76,78.90,79.15,79.17,79.64,79.71,79.55,79.21,79.32,79.43,79.20,79.14,79.26,79.03,79.02,79.19,79.24,79.22
226,PI74101,NHP Press to BDG340 TDI Plant,,,17.96,13:02,14.83,15:24,15.99,15.95,15.94,15.88,15.75,15.75,15.77,15.84,16.20,16.03,15.88,15.86,16.36,16.07,15.99,15.84,16.10,16.35,16.23,15.96,16.03,15.95,15.99,15.95,16.24
227,PIC74103,NHP to NMP Press,,,11.72,16:45,10.97,21:04,11.43,11.49,11.50,11.46,11.46,11.40,11.38,11.36,11.42,11.39,11.37,11.43,11.40,11.37,11.36,11.38,11.39,11.40,11.42,11.46,11.47,11.47,11.48,11.47,11.47
228,PIC74103,NHP to NMP Press c/v ,,,5.18,3:38,0.00,7:10,1.34,2.03,1.84,1.66,1.60,1.09,0.95,0.84,1.06,0.90,1.14,1.21,1.02,0.93,0.93,0.93,1.13,1.16,1.25,1.68,1.54,1.95,1.87,1.75,1.65
229,FI75073,Flow of WCHS T75005 to TDI Plant,,,244.06,9:43,216.86,4:37,220.19,218.97,219.91,220.80,222.80,221.51,221.55,222.02,221.59,221.11,218.91,219.64,219.03,220.12,219.74,221.00,219.40,218.98,219.76,220.28,219.47,220.20,219.69,220.00,217.98
230,PI75071,Pressure of WCHS T75005to TDI Plant,,,4.38,9:43,3.64,11:22,3.75,3.78,3.80,3.80,3.73,3.70,3.67,3.66,3.65,3.69,3.70,3.73,3.72,3.75,3.76,3.79,3.78,3.78,3.79,3.80,3.79,3.80,3.79,3.80,3.78
231,AI75069,Conductivity of WCHR to T75002,,,825.55,6:54,800.59,14:45,812.68,823.35,824.83,824.61,820.79,812.87,805.67,802.51,802.62,802.70,802.30,802.76,803.24,804.28,807.05,809.17,811.45,813.37,814.76,816.21,817.79,818.87,819.89,821.06,822.24
232,PI75075,Pressure of WCHR TDI Plant toT75002,,,2.27,9:43,1.86,6:49,1.91,1.88,1.87,1.88,1.91,1.94,1.96,1.96,1.95,1.94,1.92,1.91,1.91,1.91,1.91,1.90,1.91,1.90,1.90,1.89,1.89,1.89,1.89,1.89,1.90
233,TI75072,Temp of WCHS T75005to TDI Plant,,,9.84,10:42,7.38,19:52,7.92,7.45,7.46,7.83,9.13,9.25,9.70,9.25,8.64,8.23,7.91,7.73,7.66,7.59,7.55,7.43,7.43,7.40,7.43,7.51,7.51,7.50,7.51,7.50,7.52
234,TI75074,Temp of WCHR TDI Plant toT75002,,,12.29,10:59,9.71,6:34,10.44,9.80,9.77,10.07,11.34,11.58,12.07,11.81,11.28,10.92,10.65,10.46,10.39,10.31,10.22,10.07,10.03,9.98,9.97,10.02,10.00,9.96,9.96,9.92,9.93
235,FI75143,Flow of RFS P75103A/B to TDI Plant,,,272.35,9:45,226.47,6:24,238.17,227.93,227.93,228.45,227.88,233.46,242.80,241.77,242.03,241.49,240.79,240.42,239.94,240.56,239.96,240.33,240.36,240.13,240.13,240.16,239.97,239.95,239.84,240.00,239.70
236,PI75141,Pressure RFS P75103A/B to TDI Plant,,,7.17,9:45,5.84,5:09,5.95,5.87,5.87,5.87,5.88,5.91,5.97,5.98,5.97,5.99,5.94,5.95,5.94,5.96,5.96,5.97,5.97,5.96,5.97,5.96,5.95,5.96,5.96,5.96,5.97
237,AI75146, Analyser of RFR Conductivity,,,1.64,4:00,594.45,4:48,1979220069295240000.00,2277.28,2277.28,2277.28,2277.28,2277.28,2277.28,2277.28,1674.06,921.19,926.92,913.23,888.54,951.84,1016.00,997.43,983.73,977.74,974.28,967.70,958.11,949.75,950.06,27499612643421848000.00,20001669019663860000.00
238,TI75144,Temp of RFR TDI Plant to T75104,,,-6.41,12:04,-7.22,6:35,-6.72,-7.08,-7.17,-7.10,-6.93,-6.75,-6.64,-6.48,-6.45,-6.48,-6.53,-6.62,-6.85,-6.78,-6.79,-6.90,-6.97,-6.97,-6.72,-6.55,-6.47,-6.48,-6.50,-6.57,-6.59
239,PI75145,Pressure of RFR TDI Plant to T75104,,,0.87,9:46,0.81,7:55,0.84,0.83,0.83,0.83,0.83,0.83,0.85,0.85,0.85,0.85,0.85,0.85,0.85,0.85,0.85,0.85,0.85,0.85,0.85,0.85,0.84,0.85,0.85,0.84,0.85
240,TI75142,Temp of RFS P75103A/B to TDI Plant,,,-15.21,1:21,-15.99,6:36,-15.60,-15.88,-15.95,-15.91,-15.80,-15.63,-15.48,-15.44,-15.41,-15.45,-15.51,-15.63,-15.73,-15.76,-15.79,-15.88,-15.91,-15.87,-15.60,-15.40,-15.27,-15.23,-15.24,-15.31,-15.37
241,HIC35216,Hand Control Valve SLP to E35204 ,,,0.00,5:01,0.00,5:01,*,0,0,0,0,0,0,0,0,0,0,0,0,0,0,0,0,0,0,0,0,0,0,0,0
242,HIC35318,  Hand Control Valve ODCB to T35301,,,0.00,5:01,0.00,5:01,*,0,0,0,0,0,0,0,0,0,0,0,0,0,0,0,0,0,0,0,0,0,0,0,0
243,HIC35319,  Hand Control valve ODCB to T35305,,,100.00,5:01,100.00,5:01,100.00,100,100,100,100,100,100,100,100,100,100,100,100,100,100,100,100,100,100,100,100,100,100,100,100
244,HIC35505, Hand control valve NLP to B35501A/B,,,0.00,5:01,0.00,5:01,*,0,0,0,0,0,0,0,0,0,0,0,0,0,0,0,0,0,0,0,0,0,0,0,0
245,SIC36132,Speed Control R36106,,,995.90,3:02,991.14,12:18,993.20,993.15,993.18,993.25,993.32,992.97,993.02,993.06,993.00,993.45,993.09,993.24,993.14,993.11,993.29,993.33,992.93,993.24,993.14,993.23,993.36,993.34,993.31,993.32,993.37
246,JI36104,Current Circ Pmp Seal Liquid P36102.01,,,0.51,7:07,0.40,10:26,0.50,0.51,0.51,0.51,0.51,0.48,0.48,0.50,0.51,0.51,0.51,0.51,0.51,0.51,0.51,0.51,0.51,0.51,0.51,0.51,0.51,0.51,0.51,0.51,0.51
247,AIC36105,AnalyzerCOCI2 in Reaction Gas,,,0.47,5:09,0.41,3:59,0.44,0.45,0.45,0.44,0.44,0.44,0.44,0.44,0.44,0.44,0.44,0.44,0.44,0.44,0.44,0.44,0.44,0.44,0.44,0.44,0.43,0.43,0.43,0.43,0.43
248,AIC36107,AnalyzerCOCI2 in Reaction Gas,,,0.35,5:25,0.24,4:52,0.29,0.34,0.33,0.33,0.32,0.32,0.31,0.31,0.31,0.30,0.30,0.30,0.29,0.29,0.29,0.28,0.28,0.28,0.27,0.27,0.26,0.26,0.26,0.25,0.25
249,KIC36162, Control Valve P36102 to E36103,,,100.00,5:01,100.00,5:01,100.00,100,100,100,100,100,100,100,100,100,100,100,100,100,100,100,100,100,100,100,100,100,100,100,100
250,KIC36256,Control Valve TDI-Mix from P36202A,,,0.00,5:01,0.00,5:01,*,0,0,0,0,0,0,0,0,0,0,0,0,0,0,0,0,0,0,0,0,0,0,0,0
251,KIC36258,Control Valve TDI-Mix from P36202B,,,35.00,5:01,35.00,5:01,35.00,35,35,35,35,35,35,35,35,35,35,35,35,35,35,35,35,35,35,35,35,35,35,35,35
252,LIC36353, Flow Control TDI to C37101,,,47.51,6:49,45.13,20:22,46.30,46.42,46.91,46.50,46.47,46.77,46.58,46.44,46.24,46.01,46.13,46.38,46.47,46.08,46.05,45.86,45.73,46.46,46.50,46.55,46.15,46.29,45.98,46.25,45.91
253,KIC36371, Control Valve TDI-Mix from P36302A,,,82.21,5:01,82.21,5:01,82.21,82.21,82.21,82.21,82.21,82.21,82.21,82.21,82.21,82.21,82.21,82.21,82.21,82.21,82.21,82.21,82.21,82.21,82.21,82.21,82.21,82.21,82.21,82.21,82.21
254,KIC36373, Control Valve TDI-Mix from P36302B,,,0.00,5:01,0.00,5:01,*,0,0,0,0,0,0,0,0,0,0,0,0,0,0,0,0,0,0,0,0,0,0,0,0
255,HIC36436,Hand Cntrl valve Pho from S36401.02,,,5.00,5:01,5.00,5:01,5.00,5,5,5,5,5,5,5,5,5,5,5,5,5,5,5,5,5,5,5,5,5,5,5,5
256,HIC36405,Hand Cntrl Valve ByPass PV-36413,,,52.00,5:01,48.00,14:23,50.76,52,52,52,52,52,52,52,52,52,50.43,50,50,50,50,50,50,50,50,50,50,50,49.78,50,50
257,HIC36418, Hand control valve PHO to T37610 ,,,0.00,5:01,0.00,5:01,*,0,0,0,0,0,0,0,0,0,0,0,0,0,0,0,0,0,0,0,0,0,0,0,0
258,HIC36407, Hand control valve NMP to B36401,,,0.00,5:01,0.00,5:01,*,0,0,0,0,0,0,0,0,0,0,0,0,0,0,0,0,0,0,0,0,0,0,0,0
259,HIC36437,Hand Control ByPass Valve PSE36401,,,0.00,5:01,0.00,5:01,*,0,0,0,0,0,0,0,0,0,0,0,0,0,0,0,0,0,0,0,0,0,0,0,0
260,HIC36518, Hand Contrl Valve E36205 to T37610,,,0.00,5:01,0.00,5:01,*,0,0,0,0,0,0,0,0,0,0,0,0,0,0,0,0,0,0,0,0,0,0,0,0
261,HIC36536,Hand Cntrl Valve S36501.02toB36501 ,,,0.00,5:01,0.00,5:01,*,0,0,0,0,0,0,0,0,0,0,0,0,0,0,0,0,0,0,0,0,0,0,0,0
262,HIC36505, Hand Control Valve by-pass HS36502,,,48.00,14:32,46.00,5:01,47.21,46,46,46,46,46,46,46,46,46,46.97,48,48,48,48,48,48,48,48,48,48,48,48,48,48
263,HIC36537,Hand Bypassvalve RupDisc S36501.02,,,0.00,5:01,0.00,5:01,*,0,0,0,0,0,0,0,0,0,0,0,0,0,0,0,0,0,0,0,0,0,0,0,0
264,HIC36507, Hand Valve of NHP to B36501,,,0.00,5:01,0.00,5:01,*,0,0,0,0,0,0,0,0,0,0,0,0,0,0,0,0,0,0,0,0,0,0,0,0
265,KIC37144, Control valve of P37102 O/L,,,51.11,5:01,51.11,5:01,51.11,51.11,51.11,51.11,51.11,51.11,51.11,51.11,51.11,51.11,51.11,51.11,51.11,51.11,51.11,51.11,51.11,51.11,51.11,51.11,51.11,51.11,51.11,51.11,51.11
266,FIC37142, Flow control bottom draw to C37101,,,63.06,22:26,53.93,15:27,58.13,61.25,59.28,60.02,55.89,57.72,55.78,57.35,56.24,55.94,55.76,57.76,57.35,56.79,57.20,57.96,57.53,59.93,62.71,62.13,60.61,58.00,57.23,56.65,57.99
267,TIC37169, Temp Control For E37105 Bottom,,,70.00,22:58,65.00,5:01,65.75,65,65,65,65,65,65,65,65,65,65,65,65,65,65,65,65,65,65.25,70,70,70,67.83,65,65
268,HIC37905,Hand Control valve NLP to B37901A/B,,,2.00,5:01,1.00,6:49,1.35,2,1.85,1.30,1.30,1.30,1.30,1.30,1.30,1.30,1.30,1.30,1.30,1.30,1.30,1.30,1.30,1.30,1.30,1.30,1.30,1.30,1.30,1.30,1.30
269,HIC37925,Hand Control valve NLP to B37902A/B,,,-5.00,5:01,-5.00,5:01,-5.00,-5,-5,-5,-5,-5,-5,-5,-5,-5,-5,-5,-5,-5,-5,-5,-5,-5,-5,-5,-5,-5,-5,-5,-5
270,HIC37945, Hand Control NLP feed to Sec Col  ,,,0.00,5:01,0.00,5:01,*,0,0,0,0,0,0,0,0,0,0,0,0,0,0,0,0,0,0,0,0,0,0,0,0
271,HIC37965,Hand Control Valve NLP to B37904A/B,,,0.00,5:01,0.00,5:01,*,0,0,0,0,0,0,0,0,0,0,0,0,0,0,0,0,0,0,0,0,0,0,0,0
272,PI71318,Pressure SHP Line 712003,,,34.77,0:16,33.55,0:12,34.16,34.09,34.10,34.11,34.09,34.11,34.09,34.13,34.14,34.15,34.17,34.19,34.19,34.18,34.23,34.19,34.21,34.19,34.17,34.20,34.16,34.18,34.20,34.18,34.18
273,TI71303,Temp of SMP on X71302A,,,251.02,10:31,245.61,4:53,248.00,248.51,248.94,248.96,249.64,249.79,250.29,249.43,248.66,248.43,248.44,247.91,248.25,247.93,247.95,247.39,247.19,247.17,247.27,247.07,246.75,246.76,246.30,246.56,246.33
274,TI71301,Temp of SMP on X71302B,,,246.11,10:38,241.71,1:00,243.03,242.87,243.26,243.32,243.89,244.51,245.41,244.58,243.29,242.71,242.70,242.57,242.91,242.71,243.02,242.84,242.74,242.55,242.51,242.46,242.47,242.41,242.36,242.34,242.30
275,JI37212,Current of tar concentrator P37202A,,,143.02,9:15,137.76,3:41,139.88,139.36,140.21,140.03,141.07,141.46,141.25,141.27,140.14,139.75,139.65,140.33,140.58,140.63,139.56,138.94,139.49,139.36,139.77,139.39,139.17,139.41,139.03,138.64,138.76
276,JI37213,Current of tar concentrator P37202B,,,0.00,,0.00,,*,BAD,BAD,BAD,BAD,BAD,BAD,BAD,BAD,BAD,BAD,BAD,BAD,BAD,BAD,BAD,BAD,BAD,BAD,BAD,BAD,BAD,BAD,BAD,BAD
277,TI37216,Temp of tar concentrator P37202B,,,36.28,15:54,23.58,6:33,30.32,24.48,24.18,25.64,27.44,30.31,32.93,34.57,34.98,35.38,35.56,35.91,35.74,34.81,33.15,31.60,30.22,29.39,29.13,28.83,27.97,27.66,27.05,26.25,24.51
278,VI374003,Viscosity of FT374003,,,0.00,5:01,0.00,5:01,*,0,0,0,0,0,0,0,0,0,0,0,0,0,0,0,0,0,0,0,0,0,0,0,0
279,TI37206,Temp of Reboiler E37203A O\L,,,156.54,3:43,155.84,11:52,156.13,156.05,156.06,156.09,156.11,156.10,156.02,155.93,155.90,155.90,155.90,155.95,155.93,156.03,156.18,156.32,156.22,156.20,156.28,156.39,156.39,156.38,156.30,156.39,156.15
280,TI37207,Temp of Reboiler E37203B O\L,,,913.00,9:57,-110.32,12:28,46.54,31.45,31.56,32.35,31.03,61.02,42.16,44.18,22.87,51.35,40.00,44.00,53.85,167.98,45.61,46.06,46.87,44.88,44.06,50.66,43.38,37.20,35.82,36.92,31.63
281,FIC37201,Flow control of SMP to E37203A/B,,,1375.31,2:02,1350.27,11:56,1362.22,1355.89,1353.73,1354.48,1354.46,1354.12,1354.21,1354.91,1355.58,1354.94,1354.76,1358.89,1360.20,1359.67,1364.20,1369.86,1371.77,1369.76,1370.63,1369.57,1370.42,1369.80,1371.12,1369.67,1370.64
282,PI37202,Pressure of SMP to E37203A/B,,,5.53,3:43,5.37,11:53,5.44,5.43,5.43,5.43,5.43,5.43,5.41,5.40,5.39,5.39,5.39,5.41,5.40,5.42,5.45,5.48,5.46,5.46,5.48,5.50,5.50,5.50,5.49,5.51,5.46
283,LIC37232,Level of Drying Column C35401,,,18.31,7:49,14.17,21:47,15.99,16.13,15.90,16.01,15.88,16.02,15.99,15.91,15.93,15.95,15.99,15.75,16.24,15.73,15.96,16.09,15.95,15.96,16.11,15.87,16.08,16.05,16.11,15.84,16.24
284,TI37237,Temp of C37201 bottom O/L,,,153.00,3:41,152.35,16:23,152.60,152.54,152.57,152.60,152.61,152.59,152.52,152.44,152.41,152.41,152.40,152.43,152.41,152.51,152.64,152.76,152.65,152.65,152.73,152.83,152.82,152.80,152.74,152.84,152.58
285,PIC37230,pressure of Tar Concentrator C37201,,,34.47,3:40,33.79,20:17,34.02,34.01,34.01,34.03,34.02,34.03,34.02,34.02,34.03,34.01,34.02,34.03,34.02,34.02,34.02,34.03,34.00,34.02,34.04,34.03,34.02,34.01,34.01,34.02,34.01
286,PIC37230,pressure of Tar Concentrator C37201,,,53.38,3:44,49.03,11:08,50.72,50.58,50.37,50.22,50.23,50.35,50.37,50.43,50.59,50.72,50.89,51.02,50.79,50.79,50.80,50.84,50.60,50.60,50.80,50.97,51.10,50.96,50.80,51.00,51.57
287,PIC37231,pressure control on top C37201,,,104.74,7:00,56.54,16:10,77.24,98.24,103.02,100.65,87.63,74.71,66.47,61.64,62.48,60.87,59.51,59.37,61.35,67.19,69.41,68.46,73.41,78.43,79.36,80.92,82.85,83.68,86.90,90.60,96.54
288,PIC37231,pressure control on top C37201,,,52.79,3:45,48.69,8:11,50.73,50.59,50.37,50.23,50.21,50.32,50.36,50.48,50.54,50.71,50.89,51.04,50.79,50.78,50.80,50.84,50.59,50.60,50.81,50.94,51.02,51.04,50.82,51.11,51.52
289,PI37248,pressure on top C37201,,,41.74,17:51,2.21,10:30,27.19,34.46,32.91,25.58,11.98,6.15,5.93,8.30,18.83,25.81,20.83,22.72,31.78,39.62,38.80,32.11,35.09,34.20,30.79,29.97,30.51,31.26,33.75,34.06,37.24
290,FI37255,Flow from P37202 to C37501,,,8.37,5:04,7.83,6:38,8.00,8.09,7.91,7.90,7.91,7.92,7.92,7.94,7.93,7.93,7.91,7.94,7.97,8.00,8.01,8.08,8.10,8.08,8.08,8.09,8.09,8.05,8.03,8.01,8.03
291,LI38009,Level of Steel Heel tank T38001,,,25.23,22:53,23.23,6:51,24.23,23.49,23.52,23.62,23.69,23.82,23.91,24.05,24.12,24.26,24.36,24.42,24.46,24.55,24.62,24.70,24.76,24.81,24.86,24.81,24.61,24.37,24.14,23.94,23.66
292,LI38015,Level of Steel Heel tank T38002,,,0.00,5:01,0.00,5:01,0.00,0.00,0.00,0.00,0.00,0.00,0.00,0.00,0.00,0.00,0.00,0.00,0.00,0.00,0.00,0.00,0.00,0.00,0.00,0.00,0.00,0.00,0.00,0.00,0.00
293,LI38024,Level General Purpose Tank T38011,,,0.00,5:01,0.00,5:01,0.00,0.00,0.00,0.00,0.00,0.00,0.00,0.00,0.00,0.00,0.00,0.00,0.00,0.00,0.00,0.00,0.00,0.00,0.00,0.00,0.00,0.00,0.00,0.00,0.00
294,LI38025,Level General Purpose Tank T38012,,,0.00,5:01,0.00,5:01,0.00,0.00,0.00,0.00,0.00,0.00,0.00,0.00,0.00,0.00,0.00,0.00,0.00,0.00,0.00,0.00,0.00,0.00,0.00,0.00,0.00,0.00,0.00,0.00,0.00
295,FIC38014,Flow Of TDI-ODCB From P38003A/B,,,4.03,23:44,3.76,3:14,3.90,3.88,3.88,3.88,3.88,3.88,3.88,3.88,3.88,3.88,3.88,3.88,3.88,3.88,3.88,3.88,3.88,3.88,3.88,3.97,3.96,3.97,3.96,3.96,3.96
296,FIC38014,Flow Of TDI-ODCB From P38003A/B,,,81.76,23:13,77.73,3:08,79.59,78.68,78.75,78.80,78.84,79.09,79.17,79.10,78.98,78.91,79.11,79.30,79.19,80.34,80.81,80.83,81.02,80.83,80.98,80.78,79.99,78.87,78.35,79.50,80.06
297,FIC38029,Flow Of GPT to C37101,,,2.26,16:35,0.00,5:01,0.05,0,0,0,0,0,0,0.04,0,0,0,0,0.03,0,0,0.09,0,0,0,0,0,0,0,0,0
298,FIC38029,Flow Of GPT to C37101,,,35.00,18:36,-4.70,6:00,1.50,0.22,-4.70,-4.70,-4.70,-4.70,-4.70,-4.70,-4.70,-4.70,-4.70,-4.70,0.88,15,9.73,3.17,6,6,6,6,6,6,6,6,6
299,UI36118,Flow Sum Phos/2 ODCB,,,112.67,15:21,104.69,6:22,108.56,108.13,108.03,108.55,108.89,109.32,109.46,109.50,109.53,109.47,109.47,109.51,108.88,108.37,107.93,107.40,107.67,107.91,107.40,107.81,108.26,109.16,108.56,108.51,107.68
300,UI36119,Phosgene Concentration,,,111.90,14:31,105.88,6:22,108.44,108.10,107.91,108.35,108.76,109.04,109.28,109.21,109.29,109.22,109.49,109.44,108.74,108.24,107.70,107.28,107.66,108.02,107.45,107.64,108.40,109.09,108.55,108.38,107.43
301,JI35429B,Current of Drying Reboiler Pump P35402B,,,34.96,9:02,33.94,2:56,34.33,34.32,34.36,34.36,34.49,34.52,34.50,34.50,34.35,34.34,34.27,34.33,34.33,34.35,34.31,34.20,34.33,34.29,34.30,34.28,34.27,34.30,34.25,34.19,34.19
302,TI36284,Temp of Reboiler Pump P36206B,,,33.68,17:13,25.61,7:47,29.73,26.87,25.98,25.65,25.83,26.64,27.94,29.42,30.77,31.81,32.60,33.18,33.57,33.65,33.37,32.87,32.24,31.49,30.69,29.91,29.07,28.39,27.83,27.32,26.56
303,JI36625B,Current of TDI Catch Tank Pump P36624B,,,-0.29,8:03,-0.30,0:01,-0.29,-0.29,-0.29,-0.29,-0.29,-0.29,-0.29,-0.29,-0.29,-0.29,-0.29,-0.29,-0.29,-0.29,-0.29,-0.29,-0.29,-0.29,-0.29,-0.29,-0.29,-0.29,-0.29,-0.29,-0.29
304,JI37187B,Current of reflux Pump P37107,,,-0.33,8:42,-0.34,22:23,-0.34,-0.34,-0.34,-0.34,-0.33,-0.34,-0.33,-0.34,-0.33,-0.33,-0.33,-0.33,-0.34,-0.34,-0.34,-0.34,-0.34,-0.34,-0.34,-0.34,-0.34,-0.34,-0.34,-0.34,-0.34
305,JI39526B,Current of TDI Effluent Pump P39526B,,,22.44,4:52,19.34,13:20,20.13,19.79,19.90,19.85,19.90,19.91,19.91,19.84,19.90,19.70,19.78,19.85,19.90,19.84,19.73,19.53,19.64,19.53,19.67,19.82,20.94,21.50,21.22,21.39,22.08
306,TI35428B,RTD Temp of P35402B,,,159.70,13:10,158.60,11:36,159.19,159.05,159.05,159.00,159.05,159.08,159.11,159.11,159.33,159.06,159.27,159.51,159.50,159.42,159.34,159.31,159.25,159.23,159.19,159.24,159.17,159.07,159.03,159.09,159.03
307,TI37167B,RTD Temp of P37107B,,,30.40,17:21,23.47,7:26,26.94,24.48,23.71,23.53,23.72,24.44,25.59,26.88,27.96,28.74,29.34,29.83,30.20,30.35,30.14,29.67,29.05,28.33,27.57,26.92,26.27,25.72,25.24,24.79,24.06
308,VI374001,Viscosity of 72 Section,,,0.00,5:01,0.00,5:01,*,0,0,0,0,0,0,0,0,0,0,0,0,0,0,0,0,0,0,0,0,0,0,0,0